evolution_time,efficiency_site3,population_site0,population_site1,population_site2
0.1,0.9995750671715469,0.0,0.0,0.0
0.5,0.9894169048016394,0.0,0.0,0.0
1.0,0.9581666232295595,0.0,0.0,0.0
2.0,0.8404234397140555,0.0,0.0,0.0
