gamma,efficiency
0.0,0.9581666232295595
1.0,0.9581666232295595
2.0,0.9581666232295597
5.0,0.9581666232295597
10.0,0.9581666232295595
