evolution_steps,physical_fidelity,logical_fidelity,qec_advantage
1,0.9999999999999998,0.9999999999999996,-2.220446049250313e-16
2,0.9999999999999997,0.9999999999999991,-5.551115123125783e-16
3,0.9999999999999996,0.9999999999999987,-8.881784197001252e-16
4,0.9999999999999994,0.9999999999999984,-9.992007221626409e-16
5,0.9999999999999993,0.999999999999998,-1.3322676295501878e-15
