gamma_ps_inv,classical_efficiency
0.0,0.04056855784963215
23.55,0.04056855784963215
47.1,0.04056855784963215
70.65,0.04056855784963215
94.2,0.04056855784963215
