gamma_ps_inv,aws_efficiency
0.0,0.8996655938897428
79.128,0.6082908891580757
